"File","Extension","SizeKB","Lines","LastModified"
"public\maps\countries-110m.json",".json","201.99","10767","12/29/2025 1:16:05 AM"
"public\maps\countries-iso3.json",".json","74.94","4139","1/5/2026 12:06:06 AM"
"app\api\history\source-records\route.ts",".ts","92.04","3474","6/27/2026 5:33:52 PM"
"app\corporate-intelligence\page.tsx",".tsx","53.59","2190","7/3/2026 2:36:02 AM"
"app\imf-weo\page.tsx",".tsx","58.49","1600","6/16/2026 9:20:55 PM"
"app\history\page.tsx",".tsx","46.08","1337","6/27/2026 5:33:52 PM"
"app\world\components\FaostatTab.tsx",".tsx","39.12","1229","6/28/2026 2:45:40 AM"
"app\world\components\CountryWikiCard.tsx",".tsx","31.69","1057","6/26/2026 6:00:42 PM"
"app\api\wiki\country\route.ts",".ts","25.99","1031","6/26/2026 6:00:42 PM"
"app\faostat\page.tsx",".tsx","33.69","1015","6/13/2026 12:50:16 AM"
"app\monetary\page.tsx",".tsx","31.39","902","7/5/2026 3:13:36 PM"
"app\api\corporate-intelligence\global\import\route.ts",".ts","20.68","889","7/3/2026 2:35:35 AM"
"app\energy\page.tsx",".tsx","31.01","807","6/10/2026 2:49:42 PM"
"app\debt\page.tsx",".tsx","24.32","705","6/13/2026 1:15:24 AM"
"app\api\history\on-this-day\route.ts",".ts","17.12","681","6/25/2026 1:37:23 AM"
"app\api\history\events\route.ts",".ts","17.12","681","6/25/2026 1:37:23 AM"
"app\fiscal\_components\FiscalMetricPage.tsx",".tsx","23.06","665","6/10/2026 2:49:43 PM"
"app\api\history\route.ts",".ts","12.97","524","6/25/2026 2:17:22 AM"
"app\components\StratifyMap.tsx",".tsx","14.49","494","2/7/2026 12:43:30 AM"
"app\page.tsx",".tsx","13.34","435","6/13/2026 11:55:59 PM"
"app\world\components\FaostatExternalEnrichment.tsx",".tsx","12.94","428","6/28/2026 2:55:25 AM"
"app\world\components\WeoTab.tsx",".tsx","13.11","427","4/12/2026 11:17:39 AM"
"app\world\components\WdiTab.tsx",".tsx","12.38","395","6/20/2026 1:04:19 PM"
"app\api\monetary\overview\route.ts",".ts","11.09","381","7/5/2026 3:12:34 PM"
"app\api\faostat\enrichment\route.ts",".ts","9.19","377","6/28/2026 2:36:03 AM"
"app\globals.css",".css","5.62","330","6/15/2026 12:49:50 AM"
"app\api\corporate-intelligence\geocode\refresh\route.ts",".ts","7.13","307","6/20/2026 2:16:27 AM"
"app\api\history\event-detail\route.ts",".ts","7.37","280","6/25/2026 2:10:32 AM"
"app\api\energy\route.ts",".ts","7.15","274","2/18/2026 4:19:29 PM"
"app\history\components\EventDetailDialog.tsx",".tsx","8.91","267","6/25/2026 2:10:32 AM"
"app\api\corporate-intelligence\directory\route.ts",".ts","6.81","244","6/28/2026 4:37:22 PM"
"app\api\corporate-intelligence\quote\route.ts",".ts","5.67","226","6/19/2026 1:45:22 AM"
"app\api\corporate-intelligence\profiles\refresh\route.ts",".ts","5.62","219","5/31/2026 2:43:12 PM"
"app\api\faostat\trade-insights\route.ts",".ts","5.72","195","1/22/2026 11:52:06 PM"
"app\corporate-intelligence\_components\CorporateMarketSnapshot.tsx",".tsx","5.68","192","6/19/2026 1:08:55 AM"
"app\api\monetary\countries\route.ts",".ts","4.93","188","7/5/2026 11:47:03 AM"
"app\api\monetary\_category.ts",".ts","5","187","7/5/2026 11:58:15 AM"
"components\ui\select.tsx",".tsx","6.16","187","1/4/2026 12:46:19 AM"
"app\api\faostat\production-insights\route.ts",".ts","5.38","186","1/23/2026 10:54:25 PM"
"app\lib\rpc\faostat.ts",".ts","5.09","183","2/5/2026 12:24:31 PM"
"app\api\corporate-intelligence\sp500\import\route.ts",".ts","4.19","174","5/30/2026 12:16:12 AM"
"app\api\map\route.ts",".ts","4.38","153","2/18/2026 1:17:07 AM"
"app\api\corporate-intelligence\summary\route.ts",".ts","3.54","149","6/28/2026 4:37:36 PM"
"app\api\imf\weo\country\route.ts",".ts","3.49","143","4/12/2026 10:22:53 AM"
"app\credits\page.tsx",".tsx","6.38","141","6/13/2026 11:53:10 AM"
"app\components\TopNav.tsx",".tsx","4.18","139","7/5/2026 11:49:02 AM"
"app\api\faostat\items\trend\route.ts",".ts","4.25","137","2/2/2026 4:59:38 PM"
"app\api\wdi\country\route.ts",".ts","3.45","128","4/5/2026 2:05:09 AM"
"app\api\faostat\overview\route.ts",".ts","3.65","125","1/22/2026 11:50:42 PM"
"app\api\debt\route.ts",".ts","3.57","119","2/22/2026 10:40:24 PM"
"app\world\components\CountryHeader.tsx",".tsx","3.39","119","2/3/2026 11:19:46 AM"
"components\ui\table.tsx",".tsx","2.39","116","1/26/2026 7:31:50 PM"
"components\AuthNavButton.tsx",".tsx","2.71","110","7/1/2026 11:23:40 PM"
"app\api\faostat\items\elements\route.ts",".ts","3.06","109","2/2/2026 11:31:56 AM"
"app\corporate-intelligence\_components\CorporateDirectoryTable.tsx",".tsx","3.7","106","6/28/2026 4:41:00 PM"
"app\api\faostat\country\route.ts",".ts","3.06","106","1/24/2026 11:34:42 PM"
"app\faostat\components\productTableCard.tsx",".tsx","3.35","104","2/28/2026 11:59:59 PM"
"app\api\faostat\items\meta\route.ts",".ts","2.92","102","1/25/2026 1:13:13 PM"
"app\api\landing\route.ts",".ts","2.78","102","1/7/2026 11:56:37 PM"
"app\api\faostat\items\search\route.ts",".ts","2.94","97","1/25/2026 1:12:59 PM"
"components\ui\card.tsx",".tsx","1.95","92","1/4/2026 12:46:48 AM"
"app\corporate-intelligence\_components\CompanyTable.tsx",".tsx","3.36","85","5/27/2026 4:44:54 PM"
"app\fiscal\page.tsx",".tsx","3.11","84","6/13/2026 11:34:37 PM"
"app\api\faostat\items\products\route.ts",".ts","2.58","83","2/2/2026 4:54:53 PM"
"app\lib\rpc\wdi-coverage.ts",".ts","2.13","79","1/4/2026 12:24:14 AM"
"app\corporate-intelligence\_lib\types.ts",".ts","2.08","79","6/28/2026 4:40:49 PM"
"app\components\TextSanitizer.tsx",".tsx","1.53","75","6/13/2026 11:51:59 PM"
"app\corporate-intelligence\_lib\api.ts",".ts","1.72","75","6/28/2026 4:40:41 PM"
"app\api\faostat\trend\route.ts",".ts","2.29","72","2/5/2026 7:32:41 PM"
"app\corporate-intelligence\_components\TopCompaniesChart.tsx",".tsx","2.14","69","5/27/2026 4:45:05 PM"
"app\api\fiscal\overall-balance\route.ts",".ts","2.04","67","2/24/2026 10:53:21 PM"
"app\api\fiscal\expenditure\route.ts",".ts","2.01","67","2/24/2026 10:52:18 PM"
"app\lib\cleanText.ts",".ts","1.52","67","6/13/2026 11:51:49 PM"
"app\api\fiscal\primary-balance\route.ts",".ts","2.02","67","2/24/2026 10:52:40 PM"
"app\api\fiscal\revenue\route.ts",".ts","1.97","67","2/24/2026 11:03:44 PM"
"app\corporate-intelligence\_components\SectorBreakdown.tsx",".tsx","2.16","66","5/27/2026 4:45:24 PM"
"components\ui\tabs.tsx",".tsx","1.92","66","1/11/2026 12:10:15 AM"
"app\api\faostat\items\top-areas\route.ts",".ts","2.01","65","1/27/2026 7:58:49 PM"
"app\components\VitalStatsList.tsx",".tsx","1.85","63","1/1/2026 12:48:02 AM"
"app\login\page.tsx",".tsx","1.92","62","7/1/2026 9:00:44 PM"
"app\corporate-intelligence\_components\CompanyMetricCards.tsx",".tsx","1.79","61","5/27/2026 4:44:34 PM"
"components\ui\button.tsx",".tsx","2.1","60","1/4/2026 12:46:57 AM"
"package.json",".json","1.65","60","7/1/2026 8:31:28 PM"
"app\api\faostat\module\route.ts",".ts","1.44","58","2/5/2026 4:28:47 PM"
"components\ui\scroll-area.tsx",".tsx","1.61","58","1/26/2026 7:31:18 PM"
"app\fiscal\_lib\fiscalMeta.ts",".ts","1.36","56","3/8/2026 2:02:27 AM"
"app\components\DataSourceNote.tsx",".tsx","2.75","54","6/13/2026 11:52:09 PM"
"app\auth\callback\route.ts",".ts","1.46","52","7/1/2026 9:15:22 PM"
"app\api\faostat\areas\search\route.ts",".ts","1.41","51","2/2/2026 2:33:14 PM"
"app\config\supabase-config.ts",".ts","1.48","46","1/20/2026 11:32:19 AM"
"components\ui\badge.tsx",".tsx","1.6","46","1/4/2026 12:47:07 AM"
"tsconfig.json",".json","0.7","42","6/10/2026 2:49:28 PM"
"app\api\monetary\capital-markets\route.ts",".ts","0.97","41","7/5/2026 12:02:10 PM"
".gitignore",".gitignore","0.47","41","9/12/2025 11:46:33 AM"
"lib\supabase\proxy.ts",".ts","0.92","37","7/1/2026 9:00:44 PM"
"README.md",".md","1.42","36","9/12/2025 11:46:34 AM"
"app\corporate-intelligence\_lib\corporateTypes.ts",".ts","0.92","36","5/27/2026 4:44:05 PM"
"app\api\monetary\banking\route.ts",".ts","0.84","35","7/5/2026 12:02:10 PM"
"app\api\monetary\interest-rates\route.ts",".ts","0.73","35","7/5/2026 12:00:27 PM"
"components\ui\checkbox.tsx",".tsx","1.19","32","4/5/2026 4:01:22 AM"
"app\api\imf\weo\meta\route.ts",".ts","0.81","29","2/15/2026 11:32:06 AM"
"app\api\monetary\reserves\route.ts",".ts","0.67","29","7/5/2026 11:58:51 AM"
"components\ui\separator.tsx",".tsx","0.68","28","1/11/2026 12:25:57 AM"
"app\corporate-intelligence\_lib\corporateFormatters.ts",".ts","0.87","28","5/27/2026 4:44:18 PM"
"lib\supabase\server.ts",".ts","0.68","27","7/1/2026 9:00:44 PM"
"app\layout.tsx",".tsx","0.64","26","6/26/2026 7:05:13 PM"
"eslint.config.mjs",".mjs","0.51","25","9/12/2025 11:46:34 AM"
"components\ui\label.tsx",".tsx","0.6","24","1/4/2026 12:46:32 AM"
"app\api\fiscal\interest-revenue\route.ts",".ts","0.62","24","2/24/2026 10:53:50 PM"
"components\LogoutButton.tsx",".tsx","0.54","24","7/1/2026 9:00:44 PM"
"app\api\monetary\money-supply\route.ts",".ts","0.51","23","7/5/2026 11:58:35 AM"
"components.json",".json","0.44","22","9/17/2025 1:24:23 PM"
"components\ui\input.tsx",".tsx","0.94","21","1/4/2026 12:46:41 AM"
"app\fiscal\_components\dashboard-loading.tsx",".tsx","0.68","17","4/4/2026 12:11:00 AM"
"app\api\monetary\exchange-rates\route.ts",".ts","0.4","17","7/5/2026 11:58:43 AM"
"app\fiscal\expenditure\page.tsx",".tsx","0.31","14","2/24/2026 11:23:02 PM"
"app\fiscal\revenue\page.tsx",".tsx","0.31","14","2/24/2026 11:22:33 PM"
"app\fiscal\primary-balance\page.tsx",".tsx","0.32","14","2/24/2026 11:23:40 PM"
"app\fiscal\overall-balance\page.tsx",".tsx","0.32","14","2/24/2026 11:24:02 PM"
"lib\utils.ts",".ts","0.3","12","1/4/2026 12:40:41 AM"
"proxy.ts",".ts","0.33","12","7/1/2026 9:00:44 PM"
"app\components\DataSourceBanner.tsx",".tsx","0.45","11","6/10/2026 2:49:42 PM"
"lib\supabase\client.ts",".ts","0.22","8","7/1/2026 9:00:44 PM"
"next.config.ts",".ts","0.13","7","9/12/2025 11:46:34 AM"
"next-env.d.ts",".ts","0.25","6","7/1/2026 9:12:12 PM"
"app\world\page.tsx",".tsx","0.1","5","5/27/2026 2:43:59 PM"
"postcss.config.mjs",".mjs","0.08","5","9/12/2025 11:46:34 AM"
"global.d.ts",".ts","0.08","3","6/10/2026 2:48:11 PM"
"types\d3-scale-chromatic.d.ts",".ts","0.04","1","12/27/2025 11:48:20 PM"
"types\react-simple-maps.d.ts",".ts","0.03","1","12/27/2025 11:43:22 PM"
"app\api\_lib\sources\normalizers.ts",".ts","0","0","7/4/2026 12:44:13 PM"
"app\world\country\[iso3]\_components\IMFWeoPanel.tsx",".tsx","20.63","0","4/12/2026 9:59:42 AM"
"app\world\country\[iso3]\page.tsx",".tsx","38.45","0","6/28/2026 2:45:40 AM"
"app\corporate-intelligence\_components\CorporateDashboard.tsx",".tsx","0","0","5/27/2026 4:43:21 PM"
"app\world\country\[iso3]\_components\DatasetTabs.tsx",".tsx","2.09","0","4/12/2026 10:05:09 AM"
"app\api\_lib\sources\worldbank.ts",".ts","0","0","7/4/2026 12:44:13 PM"
